molecule,method,nb_params,circuit,nb_samples,signed_energy_error,abs_energy_error,sample_std
BeH2,ADAPT-VQE (UCC pool),1,adapt_01_params,1,-0.020449256472112154,0.020449256472112154,0.0
BeH2,ADAPT-VQE (UCC pool),2,adapt_02_params,1,0.0022624343984531947,0.0022624343984531947,0.0
BeH2,ADAPT-VQE (UCC pool),3,adapt_03_params,1,0.024032205365564607,0.024032205365564607,0.0
BeH2,ADAPT-VQE (UCC pool),4,adapt_04_params,1,0.015457358780871289,0.015457358780871289,0.0
BeH2,ADAPT-VQE (UCC pool),5,adapt_05_params,1,0.02444471609259935,0.02444471609259935,0.0
BeH2,ADAPT-VQE (UCC pool),6,adapt_06_params,1,-0.010121057187646443,0.010121057187646443,0.0
BeH2,ADAPT-VQE (UCC pool),7,adapt_07_params,1,-0.01621556354449183,0.01621556354449183,0.0
BeH2,ADAPT-VQE (UCC pool),8,adapt_08_params,1,-0.017516639850910565,0.017516639850910565,0.0
BeH2,ADAPT-VQE (UCC pool),9,adapt_09_params,1,-0.020330973781064188,0.020330973781064188,0.0
BeH2,ADAPT-VQE (generalized pool),1,adapt_01_params,1,0.014250855346681135,0.014250855346681135,0.0
BeH2,ADAPT-VQE (generalized pool),2,adapt_02_params,1,-0.004882823756840793,0.004882823756840793,0.0
BeH2,ADAPT-VQE (generalized pool),3,adapt_03_params,1,0.021389859405719136,0.021389859405719136,0.0
BeH2,ADAPT-VQE (generalized pool),4,adapt_04_params,1,0.0024734535607962016,0.0024734535607962016,0.0
BeH2,ADAPT-VQE (generalized pool),5,adapt_05_params,1,0.0050058089253681715,0.0050058089253681715,0.0
BeH2,ADAPT-VQE (generalized pool),6,adapt_06_params,1,-0.011375547228453797,0.011375547228453797,0.0
BeH2,ADAPT-VQE (generalized pool),7,adapt_07_params,1,-0.01226153748208958,0.01226153748208958,0.0
BeH2,ADAPT-VQE (generalized pool),8,adapt_08_params,1,0.007106538068804014,0.007106538068804014,0.0
BeH2,ADAPT-VQE (generalized pool),9,adapt_09_params,1,-0.0019306273030288423,0.0019306273030288423,0.0
BeH2,QMC-Givens,0,0_givens,10,0.023148143328068825,0.023148143328068825,0.006590599854107386
BeH2,QMC-Givens,1,1_givens,10,0.0002884234147355613,0.0002884234147355613,0.012813492104383293
BeH2,QMC-Givens,2,2_givens,10,-0.001020228447456617,0.001020228447456617,0.009931912771062102
BeH2,QMC-Givens,3,3_givens,10,-0.0007021909461833786,0.0007021909461833786,0.0075477427923976255
BeH2,QMC-Givens,5,5_givens,10,-0.006450692203668141,0.006450692203668141,0.009796316513347033
BeH2,QMC-Givens,6,6_givens,10,-0.0020923007382148027,0.0020923007382148027,0.013129976146334819
BeH2,QMC-Givens,7,7_givens,10,-0.0013148731564879058,0.0013148731564879058,0.008854482362600039
BeH2,QMC-Givens,9,9_givens,10,0.0009281207678153436,0.0009281207678153436,0.008982333286704605
BeH2,QMC-UCC,1,BeH2_1,1,0.010975672527173685,0.010975672527173685,0.0
BeH2,QMC-UCC,2,BeH2_2,1,0.0324751019406726,0.0324751019406726,0.0
BeH2,QMC-UCC,4,BeH2_4,1,0.023991584900812768,0.023991584900812768,0.0
BeH2,QMC-UCC,5,BeH2_5,1,0.04264877398918543,0.04264877398918543,0.0
BeH2,QMC-UCC,6,BeH2_6,1,0.01919304445264558,0.01919304445264558,0.0
BeH2,QMC-UCC,7,BeH2_7,1,0.015971198031984102,0.015971198031984102,0.0
BeH2,QMC-UCC,9,BeH2_9,1,0.04043434721976524,0.04043434721976524,0.0
LiH_6_spinorbs,ADAPT-VQE (UCC pool),1,adapt_01_params,1,-0.006384540469239752,0.006384540469239752,0.0
LiH_6_spinorbs,ADAPT-VQE (UCC pool),2,adapt_02_params,1,0.012491644605420404,0.012491644605420404,0.0
LiH_6_spinorbs,ADAPT-VQE (UCC pool),3,adapt_03_params,1,0.006054029373244063,0.006054029373244063,0.0
LiH_6_spinorbs,ADAPT-VQE (UCC pool),4,adapt_04_params,1,0.021381157630933956,0.021381157630933956,0.0
LiH_6_spinorbs,ADAPT-VQE (UCC pool),5,adapt_05_params,1,0.004813930515208398,0.004813930515208398,0.0
LiH_6_spinorbs,ADAPT-VQE (UCC pool),6,adapt_06_params,1,0.0025321151058044222,0.0025321151058044222,0.0
LiH_6_spinorbs,ADAPT-VQE (UCC pool),7,adapt_07_params,1,-0.005038346754295375,0.005038346754295375,0.0
LiH_6_spinorbs,ADAPT-VQE (generalized pool),1,adapt_01_params,1,-0.0029232554022833313,0.0029232554022833313,0.0
LiH_6_spinorbs,ADAPT-VQE (generalized pool),2,adapt_02_params,1,0.0033663676923936237,0.0033663676923936237,0.0
LiH_6_spinorbs,ADAPT-VQE (generalized pool),3,adapt_03_params,1,0.002033302501919465,0.002033302501919465,0.0
LiH_6_spinorbs,ADAPT-VQE (generalized pool),4,adapt_04_params,1,-0.0024090749085132757,0.0024090749085132757,0.0
LiH_6_spinorbs,ADAPT-VQE (generalized pool),5,adapt_05_params,1,-0.003101098933598223,0.003101098933598223,0.0
LiH_6_spinorbs,ADAPT-VQE (generalized pool),6,adapt_06_params,1,-0.009216889051922195,0.009216889051922195,0.0
LiH_6_spinorbs,ADAPT-VQE (generalized pool),7,adapt_07_params,1,-0.003696577332791051,0.003696577332791051,0.0
LiH_6_spinorbs,QMC-Givens,0,0_givens,1,0.03351039112842358,0.03351039112842358,0.0
LiH_6_spinorbs,QMC-Givens,1,1_givens,10,0.005308750141838204,0.005308750141838204,0.007419764995678888
LiH_6_spinorbs,QMC-Givens,2,2_givens,10,-0.0014578010755700531,0.0014578010755700531,0.008510788978509922
LiH_6_spinorbs,QMC-Givens,4,4_givens,10,-0.002499850419830629,0.002499850419830629,0.010456762960188442
LiH_6_spinorbs,QMC-Givens,5,5_givens,10,0.0007843858286012307,0.0007843858286012307,0.007672276889087076
LiH_6_spinorbs,QMC-Givens,6,6_givens,10,0.0031190757506733393,0.0031190757506733393,0.007132410247273356
LiH_6_spinorbs,QMC-Givens,8,8_givens,10,-0.0035514852850008437,0.0035514852850008437,0.007166712100012269
LiH_6_spinorbs,QMC-UCC,1,LiH_1,1,0.010911978172197578,0.010911978172197578,0.0
LiH_6_spinorbs,QMC-UCC,3,LiH_3,1,0.053071097169347325,0.053071097169347325,0.0
LiH_6_spinorbs,QMC-UCC,4,LiH_4,1,-0.018933282043702704,0.018933282043702704,0.0
LiH_6_spinorbs,QMC-UCC,5,LiH_5,1,0.056863350228434584,0.056863350228434584,0.0
LiH_6_spinorbs,QMC-UCC,6,LiH_6,1,0.04902311561419559,0.04902311561419559,0.0
LiH_6_spinorbs,QMC-UCC,8,LiH_8,1,0.046007021748815546,0.046007021748815546,0.0
N2,ADAPT-VQE (UCC pool),1,adapt_01_params,1,0.11576077328152223,0.11576077328152223,0.0
N2,ADAPT-VQE (UCC pool),2,adapt_02_params,1,0.09353406599430514,0.09353406599430514,0.0
N2,ADAPT-VQE (UCC pool),3,adapt_03_params,1,0.12065569437285717,0.12065569437285717,0.0
N2,ADAPT-VQE (UCC pool),4,adapt_04_params,1,0.08610540188385585,0.08610540188385585,0.0
N2,ADAPT-VQE (UCC pool),5,adapt_05_params,1,0.071160103686708,0.071160103686708,0.0
N2,ADAPT-VQE (UCC pool),6,adapt_06_params,1,0.06701777763763062,0.06701777763763062,0.0
N2,ADAPT-VQE (UCC pool),7,adapt_07_params,1,0.09445281013665863,0.09445281013665863,0.0
N2,ADAPT-VQE (UCC pool),8,adapt_08_params,1,0.014021583295033224,0.014021583295033224,0.0
N2,ADAPT-VQE (UCC pool),9,adapt_09_params,1,0.013368371479373309,0.013368371479373309,0.0
N2,ADAPT-VQE (UCC pool),10,adapt_10_params,1,0.05222403311759649,0.05222403311759649,0.0
N2,ADAPT-VQE (UCC pool),11,adapt_11_params,1,0.030208810643387096,0.030208810643387096,0.0
N2,ADAPT-VQE (UCC pool),12,adapt_12_params,1,0.014780855968723472,0.014780855968723472,0.0
N2,ADAPT-VQE (UCC pool),13,adapt_13_params,1,0.011636617022503515,0.011636617022503515,0.0
N2,ADAPT-VQE (UCC pool),14,adapt_14_params,1,0.04410160130942131,0.04410160130942131,0.0
N2,ADAPT-VQE (UCC pool),15,adapt_15_params,1,0.0667635815322285,0.0667635815322285,0.0
N2,ADAPT-VQE (UCC pool),16,adapt_16_params,1,-0.005630010664532392,0.005630010664532392,0.0
N2,ADAPT-VQE (UCC pool),17,adapt_17_params,1,0.035324884527227596,0.035324884527227596,0.0
N2,ADAPT-VQE (UCC pool),18,adapt_18_params,1,0.08690270876738282,0.08690270876738282,0.0
N2,ADAPT-VQE (UCC pool),19,adapt_19_params,1,-0.008627066615048307,0.008627066615048307,0.0
N2,ADAPT-VQE (UCC pool),20,adapt_20_params,1,-0.0031041582096520415,0.0031041582096520415,0.0
N2,ADAPT-VQE (UCC pool),21,adapt_21_params,1,0.034758643659301924,0.034758643659301924,0.0
N2,ADAPT-VQE (UCC pool),22,adapt_22_params,1,0.03937210922055101,0.03937210922055101,0.0
N2,ADAPT-VQE (UCC pool),23,adapt_23_params,1,0.04501659534383862,0.04501659534383862,0.0
N2,ADAPT-VQE (UCC pool),24,adapt_24_params,1,0.0453335182542105,0.0453335182542105,0.0
N2,ADAPT-VQE (UCC pool),25,adapt_25_params,1,0.006534625890026291,0.006534625890026291,0.0
N2,ADAPT-VQE (UCC pool),26,adapt_26_params,1,0.019041850551502648,0.019041850551502648,0.0
N2,ADAPT-VQE (UCC pool),27,adapt_27_params,1,0.00778252193194362,0.00778252193194362,0.0
N2,ADAPT-VQE (UCC pool),28,adapt_28_params,1,-0.011879343545018628,0.011879343545018628,0.0
N2,ADAPT-VQE (UCC pool),29,adapt_29_params,1,0.028011386831792606,0.028011386831792606,0.0
N2,ADAPT-VQE (UCC pool),30,adapt_30_params,1,5.063825508955233e-05,5.063825508955233e-05,0.0
N2,ADAPT-VQE (UCC pool),31,adapt_31_params,1,-0.06706564134745463,0.06706564134745463,0.0
N2,ADAPT-VQE (UCC pool),32,adapt_32_params,1,0.020536241834207658,0.020536241834207658,0.0
N2,ADAPT-VQE (UCC pool),33,adapt_33_params,1,-0.0220527167194291,0.0220527167194291,0.0
N2,ADAPT-VQE (UCC pool),34,adapt_34_params,1,0.015589192296886267,0.015589192296886267,0.0
N2,ADAPT-VQE (UCC pool),35,adapt_35_params,1,-0.03828260516576165,0.03828260516576165,0.0
N2,ADAPT-VQE (generalized pool),1,adapt_01_params,1,0.12649834705104013,0.12649834705104013,0.0
N2,ADAPT-VQE (generalized pool),2,adapt_02_params,1,0.08622471500726192,0.08622471500726192,0.0
N2,ADAPT-VQE (generalized pool),3,adapt_03_params,1,0.10183990063089254,0.10183990063089254,0.0
N2,ADAPT-VQE (generalized pool),4,adapt_04_params,1,0.008118427658956762,0.008118427658956762,0.0
N2,ADAPT-VQE (generalized pool),5,adapt_05_params,1,0.08614561218925587,0.08614561218925587,0.0
N2,ADAPT-VQE (generalized pool),6,adapt_06_params,1,0.03190876372249818,0.03190876372249818,0.0
N2,ADAPT-VQE (generalized pool),7,adapt_07_params,1,0.014490252082168809,0.014490252082168809,0.0
N2,ADAPT-VQE (generalized pool),8,adapt_08_params,1,0.06818361393774808,0.06818361393774808,0.0
N2,ADAPT-VQE (generalized pool),9,adapt_09_params,1,0.03347274521317445,0.03347274521317445,0.0
N2,ADAPT-VQE (generalized pool),10,adapt_10_params,1,0.03002607769150245,0.03002607769150245,0.0
N2,ADAPT-VQE (generalized pool),11,adapt_11_params,1,0.05767372792931269,0.05767372792931269,0.0
N2,ADAPT-VQE (generalized pool),12,adapt_12_params,1,0.028488438626510515,0.028488438626510515,0.0
N2,ADAPT-VQE (generalized pool),13,adapt_13_params,1,0.03979690122531565,0.03979690122531565,0.0
N2,ADAPT-VQE (generalized pool),14,adapt_14_params,1,0.013522847625466738,0.013522847625466738,0.0
N2,ADAPT-VQE (generalized pool),15,adapt_15_params,1,0.003980641230441506,0.003980641230441506,0.0
N2,ADAPT-VQE (generalized pool),16,adapt_16_params,1,-0.012369945177084674,0.012369945177084674,0.0
N2,ADAPT-VQE (generalized pool),17,adapt_17_params,1,0.028129403962310562,0.028129403962310562,0.0
N2,ADAPT-VQE (generalized pool),18,adapt_18_params,1,-0.054193117330271434,0.054193117330271434,0.0
N2,ADAPT-VQE (generalized pool),19,adapt_19_params,1,-0.009554319760923136,0.009554319760923136,0.0
N2,ADAPT-VQE (generalized pool),20,adapt_20_params,1,0.00815026620037429,0.00815026620037429,0.0
N2,ADAPT-VQE (generalized pool),21,adapt_21_params,1,-0.05685319114269305,0.05685319114269305,0.0
N2,ADAPT-VQE (generalized pool),22,adapt_22_params,1,0.04062935858644323,0.04062935858644323,0.0
N2,ADAPT-VQE (generalized pool),23,adapt_23_params,1,0.00938805995497205,0.00938805995497205,0.0
N2,ADAPT-VQE (generalized pool),24,adapt_24_params,1,-0.021965094040382382,0.021965094040382382,0.0
N2,ADAPT-VQE (generalized pool),25,adapt_25_params,1,-0.004123678552019783,0.004123678552019783,0.0
N2,ADAPT-VQE (generalized pool),26,adapt_26_params,1,-0.009986327272059725,0.009986327272059725,0.0
N2,ADAPT-VQE (generalized pool),27,adapt_27_params,1,0.10869806058815357,0.10869806058815357,0.0
N2,ADAPT-VQE (generalized pool),28,adapt_28_params,1,0.04438155844863445,0.04438155844863445,0.0
N2,ADAPT-VQE (generalized pool),29,adapt_29_params,1,0.04321308643716293,0.04321308643716293,0.0
N2,ADAPT-VQE (generalized pool),30,adapt_30_params,1,0.0294927194555612,0.0294927194555612,0.0
N2,ADAPT-VQE (generalized pool),31,adapt_31_params,1,0.004132635069140633,0.004132635069140633,0.0
N2,ADAPT-VQE (generalized pool),32,adapt_32_params,1,-0.010755981358698818,0.010755981358698818,0.0
N2,ADAPT-VQE (generalized pool),33,adapt_33_params,1,-0.002773203765030985,0.002773203765030985,0.0
N2,ADAPT-VQE (generalized pool),34,adapt_34_params,1,0.0008874381375676421,0.0008874381375676421,0.0
N2,ADAPT-VQE (generalized pool),35,adapt_35_params,1,0.05406531850221086,0.05406531850221086,0.0
